meal_name,num_ingredients,calories,prep_time,protein,fat,carbs,vegan,vegetarian,keto,paleo,gluten_free,mediterranean,is_healthy
5,-0.7123613041474699,-0.04565886213958195,1.2067988600820934,0.9560463131817655,0.32228684182483197,-0.21409879776305546,0,0,0,0,1,0,1
7,1.3757999726667223,-1.1930870098384991,0.7288857564062247,-1.2454345290774278,0.5139703982987288,-1.563451762049093,0,0,1,1,1,1,0
10,-0.11574379648627241,0.6754025421520871,-0.2952137514706366,0.39529328905904565,0.37479573618208517,-1.7344342251525635,0,1,0,0,0,0,0
3,1.3757999726667223,-1.3749198857033547,1.1385255595569692,-1.577998845827758,1.659237485590515,-0.9523612954166307,1,1,0,0,0,0,0
16,-1.0106700579780687,-0.2149515396689305,-1.5241331609228705,1.2334659461486122,0.6183250794090046,-0.19792927530726495,0,0,1,1,1,1,0
1,-0.7123613041474699,0.23649560040933215,-0.7731268551465053,1.0552832400770775,-0.7143278329418917,-1.420483097466077,1,1,0,1,1,0,1
0,1.6741087264973211,0.5562706579647678,-1.251039958822374,0.3694183954843406,1.1606439030760831,-1.1582067770828315,0,1,1,1,1,0,0
3,-0.7123613041474699,0.6879427404875944,-1.5924064614479945,-0.26957028390593535,-1.0572410630747815,0.2081750398802247,1,1,0,0,0,0,1
1,1.0774912188361234,-0.7290996714247292,-1.0462200572470017,1.3540689953260434,0.3260107439668192,1.4353954471871955,1,1,0,1,1,0,0
18,0.18256495734432654,-0.16479074632690138,1.0019789585067211,1.1802059674131808,0.8560306415185307,0.11112602439489246,1,1,0,0,0,0,0
15,0.7791824650055245,-0.7604501672634977,-0.7048535546213811,-1.1679980263141492,-1.7393821590995582,-0.2918236509525902,1,1,0,0,0,0,0
13,1.6741087264973211,1.2146310705789005,-0.9779467567218776,-1.0519287169619367,0.7284096902851767,0.9790565633533123,1,1,0,0,0,1,0
11,1.0774912188361234,-0.296462828849728,1.0702522590318453,1.4236657997213917,1.2203913954447485,-0.20156262064157157,0,0,0,0,0,1,0
13,0.18256495734432654,0.8070746246749136,-0.09039384989526432,0.5627517486877985,0.30259159273761116,-0.807002051186439,1,1,0,0,0,1,0
9,-1.6072875656392664,1.151930078901364,-1.5241331609228705,0.8906890426374267,0.19610319677468488,0.9124991699057783,0,0,1,0,1,0,0
5,1.3757999726667223,0.7192932363263629,-0.7048535546213811,-0.26132491779794553,-1.704681103708354,-1.3850729523618146,0,0,0,0,1,0,0
5,-1.6072875656392664,-1.1429262164964697,-1.4558598603977464,1.3981077380532292,-0.9105632177988048,-0.33693324068324154,0,0,0,0,1,0,0
7,-0.7123613041474699,1.546946326469844,0.45579255430572835,0.33093822298996367,0.6696789837063337,1.2919213709200938,0,0,1,1,1,1,0
19,0.7791824650055245,-1.5692929599037178,1.2750721606072175,-1.0943538220415743,1.371218923324174,0.10991364618017493,0,1,0,0,0,0,0
5,-1.6072875656392664,0.6691324429843337,0.11442605168010796,-0.2628225791342662,1.1067972141623108,1.2235313439899487,0,0,0,0,1,0,0
5,-0.11574379648627241,1.1143094838948424,0.11442605168010796,-0.2963440565715082,-1.0069912069519467,-1.3435829847421479,0,0,0,0,1,0,0
10,0.4808737111749255,0.6001613521390435,0.45579255430572835,0.054122044303684155,0.6988865443048835,-0.4989345288976079,0,1,0,0,0,0,0
3,1.0774912188361234,-0.064469159642843,0.9337056579815971,-0.020348361597980563,-0.7275781745653422,-0.771940527495635,1,1,0,0,0,0,1
3,1.3757999726667223,-1.0363345306446579,-1.5924064614479945,-0.0015752367526331017,-1.612242960412335,-0.793402978674947,1,1,0,0,0,0,0
13,-1.6072875656392664,0.7819942280038993,-1.5924064614479945,0.09610333128166329,-0.20648041232497305,0.15686763072711427,1,1,0,0,0,1,0
17,0.18256495734432654,-0.47202560554683004,-0.568306953571133,0.7781000877806867,-0.49025481615487376,0.43203453324093327,1,1,0,0,1,0,1
12,-0.11574379648627241,1.4591649381212928,1.5481653627077137,1.02053302603005,-1.2602252350809926,0.0020008518166680987,0,0,1,1,1,0,0
4,-1.0106700579780687,0.7819942280038993,0.04615275115498381,0.030968781565545767,-0.9914263122183422,0.4766188330577429,0,1,0,0,0,1,0
0,0.7791824650055245,1.7099689048314386,-0.5000336530460089,1.1566165067758385,0.60194626034115,0.7886209552814878,0,1,1,1,1,0,0
1,0.18256495734432654,0.8572354180169428,0.31924595325548005,0.6659838758548668,-0.9841395325690727,-1.1526964439924916,1,1,0,1,1,0,0
4,0.7791824650055245,-1.7323155382653124,-1.6606797619731186,-1.4174672596173903,1.3877372810031494,1.3610493172300953,0,1,0,0,0,1,0
8,0.7791824650055245,-1.1241159189932086,-0.4317603525208849,0.7702850247463654,1.387363060748804,1.314854914924707,0,0,1,1,1,0,0
13,0.4808737111749255,0.8885859138557112,0.865432357456473,0.5733504604065632,0.26495189044259493,-0.4689511239756049,1,1,0,0,0,1,0
9,0.7791824650055245,0.3744377820999121,-1.5924064614479945,0.6525390300611497,0.5177757638426164,-0.9818210204201504,0,0,1,0,1,0,1
13,-0.7123613041474699,0.7506437321651309,-0.2952137514706366,-1.1211361621879157,-0.4949170437838753,0.8196481621832733,1,1,0,0,0,1,0
9,-1.6072875656392664,-1.5379424640649495,1.5481653627077137,-1.415489873824687,-0.4904936464857209,-0.8399870700334866,0,0,1,0,1,0,0
14,-0.11574379648627241,-0.3027329280174813,1.3433454611323417,-0.05666848785084596,1.4192469744047236,-0.25373306242434246,0,0,1,1,1,0,0
13,1.6741087264973211,1.2710619630886832,-1.387586559872622,-0.9435774374626307,-0.0241191949258649,0.22308804925731396,1,1,0,0,0,1,0
3,-1.6072875656392664,-0.6663986797471927,0.18269935220523212,-0.11473738882733829,-0.803196815277837,1.3024071626917317,1,1,0,0,0,0,0
8,-0.41405255031687116,0.010772030370201023,0.2509726527303563,-0.2591016380881882,1.6340500349708171,1.5800453650377313,0,0,1,1,1,0,0
13,-0.7123613041474699,-0.5472667955598737,-0.2952137514706366,-1.0793472196833231,-0.8425190105025047,-0.07741365118697173,1,1,0,0,0,1,0
1,0.7791824650055245,0.2803862945836076,1.0019789585067211,-1.4958942383956413,-1.0537752753499177,0.5666079734217875,1,1,0,1,1,0,0
2,1.3757999726667223,1.327492855598466,-1.5924064614479945,-0.6242728702701079,1.2155360781089624,-1.2855231991970995,0,0,1,1,1,0,0
4,0.18256495734432654,1.245981566417669,1.1385255595569692,1.0586150913195258,1.0787696388970127,1.2455055968888065,0,1,0,0,0,1,0
15,1.6741087264973211,1.4278144422825247,-1.251039958822374,-0.005594752154462389,1.0368483166124374,0.49322024020459,1,1,0,0,0,0,0
14,1.6741087264973211,1.2083609714111467,-0.7048535546213811,-0.4409422901441162,-1.461476557902859,0.24483432609878833,0,0,1,1,1,0,0
6,0.7791824650055245,-0.5535368947276273,-0.22694045094551263,0.303171143876165,-1.6866574520669548,-1.6295068302110212,0,1,0,0,0,1,0
12,-0.11574379648627241,1.0390682938817986,0.7971590569313488,0.06605770458251146,0.9364573939834495,-1.0110945039312051,0,0,1,1,1,0,0
11,0.18256495734432654,-0.5159162997211054,-1.319313259347498,-1.5606584938159782,0.08996250993587011,0.1143935028634596,0,0,0,0,0,1,0
18,-0.7123613041474699,-0.05819906047508951,1.684711963757962,0.04551324861585713,-0.6492629860194896,0.996418590902931,1,1,0,0,0,0,0
6,1.6741087264973211,-1.3811899848711084,0.04615275115498381,-1.6516838422371518,1.6198386029995422,1.1377704441829615,0,1,0,0,0,1,0
8,1.6741087264973211,-1.3811899848711084,-1.6606797619731186,-0.2101230335243866,-0.9442786895655975,-1.4336461062304835,0,0,1,1,1,0,0
18,-0.41405255031687116,-0.03938876297182846,0.9337056579815971,0.5322923061312929,-0.2494376887784476,0.7706832197142831,1,1,0,0,0,0,0
9,1.6741087264973211,-0.7792604647667583,-0.6365802540962572,-1.190884853530406,-1.3686018155911228,-0.5742985361275554,0,0,1,0,1,0,0
11,-1.6072875656392664,-1.155466414831977,1.4116187616574658,1.6468160354387567,-1.1729194995227017,-1.699455532036148,0,0,0,0,0,1,0
4,-0.41405255031687116,1.7099689048314386,0.7288857564062247,-1.1405672240166222,-0.2558979858816106,-0.37809142654121186,0,1,0,0,0,1,0
19,-0.11574379648627241,-1.1178458198254553,0.5923391553559767,-0.8374196354760085,-1.7405593486837025,1.4754582855752563,0,1,0,0,0,0,0
13,0.4808737111749255,0.29292649291911493,1.3433454611323417,-1.176061445675545,-1.5445273339160386,0.46707785248653066,1,1,0,0,0,1,0
3,1.6741087264973211,-0.7416398697602368,0.11442605168010796,1.0295355574330538,0.6071897896987556,0.22781032847725746,1,1,0,0,0,0,0
13,-1.6072875656392664,0.9324766080299866,0.7971590569313488,0.42453287945150125,1.1153532851746073,0.4984899881214075,1,1,0,0,0,1,0
7,1.6741087264973211,0.042122526208969065,-0.8414001556716295,-0.9974928244099059,-0.45664192695943795,-1.6239110151201168,0,0,1,1,1,1,0
1,-1.0106700579780687,-1.1805468115029916,-1.1827666582972498,-0.40701675243700924,0.6229581572058671,-0.5786474758141944,1,1,0,1,1,0,0
6,0.7791824650055245,-0.5159162997211054,1.684711963757962,0.43491476523167943,1.317702692589833,0.7881182656899482,0,1,0,0,0,1,0
17,1.0774912188361234,1.120579583062596,-0.09039384989526432,1.0498813512342997,1.7186513910132728,-0.3291897691685167,1,1,0,0,1,0,0
1,-1.6072875656392664,-1.1429262164964697,-0.09039384989526432,1.2582738417974322,0.19819423933429484,-0.9321757422282139,1,1,0,1,1,0,0
15,0.18256495734432654,-0.38424421719827884,0.6606124558811008,-1.3828246336817303,1.406669100939263,-0.008208504103791274,1,1,0,0,0,0,0
4,0.7791824650055245,0.3995181787709268,-0.8414001556716295,1.3564746235652372,-0.41427940732767404,-1.721366427102293,0,1,0,0,0,1,0
8,-1.0106700579780687,-1.2683281998515428,-1.1144933577721257,-0.6354635136179159,1.5751922248799954,1.534955621287007,0,0,1,1,1,0,0
6,1.0774912188361234,0.5562706579647678,-0.6365802540962572,-0.18905871699825774,-0.754776301966765,-0.6200892233340637,0,1,0,0,0,1,1
17,-0.41405255031687116,-0.7980707622700194,-0.6365802540962572,0.9903641275577996,-1.4713229468676627,-0.04574185797310944,1,1,0,0,1,0,1
5,1.0774912188361234,-0.910932547289585,0.6606124558811008,1.329444432385635,-0.5500890516326368,-1.3532793324089285,0,0,0,0,1,0,0
10,0.7791824650055245,-1.2808683981870501,1.2750721606072175,1.257416852857203,1.1793937644594936,-0.28250276117739764,0,1,0,0,0,0,0
18,1.0774912188361234,0.7192932363263629,1.684711963757962,1.3439385522107414,-1.2748137956628867,0.01976737812304364,1,1,0,0,0,0,0
12,-1.0106700579780687,1.3651134506049882,1.3433454611323417,-0.4580224970769796,1.0882979728780562,1.5233181036386687,0,0,1,1,1,0,0
15,-0.7123613041474699,-1.3059487948580648,0.3875192537806042,-0.07421317101174671,-0.4540577828682507,0.6842137592025864,1,1,0,0,0,0,0
19,1.0774912188361234,1.5845669214763656,0.9337056579815971,-0.23743441277251728,-0.8949912996619447,-0.3548849526777644,0,1,0,0,0,0,0
0,1.6741087264973211,1.1143094838948424,1.0702522590318453,0.8333953573913675,0.6209212186921436,-0.9359539624450743,0,1,1,1,1,0,0
3,0.7791824650055245,-1.0112541339736432,-1.319313259347498,1.0335454825233987,1.6739410728021158,0.1676506046918398,1,1,0,0,0,0,0
16,-0.41405255031687116,-1.2432478031805283,-0.2952137514706366,1.6933270081120615,-1.5330776892261944,0.16019819376517244,0,0,1,1,1,1,0
0,0.7791824650055245,0.7757241288361456,1.47989206218259,0.4364904213778218,0.6730975982039475,-0.18392430473314014,0,1,1,1,1,0,0
9,0.18256495734432654,-1.6696145465877759,-1.0462200572470017,1.546221568599772,1.3630773871345343,-0.18005842112071943,0,0,1,0,1,0,0
18,1.0774912188361234,0.43713877377744853,0.7288857564062247,-0.13632998815921615,-0.5414438129732866,0.2634621837918432,1,1,0,0,0,0,1
11,0.7791824650055245,1.4027340456115096,-0.568306953571133,-0.7721870502623682,-0.3362235919827737,0.32973339966547116,0,0,0,0,0,1,0
4,-1.0106700579780687,-0.15852064715914752,-1.319313259347498,1.544107387946191,0.7794094484808253,0.36657806711644303,0,1,0,0,0,1,0
2,1.0774912188361234,-0.22749173800443767,1.3433454611323417,-1.1694937800737577,-0.33605192374292275,0.9354899509842984,0,0,1,1,1,0,0
1,-1.6072875656392664,0.02331222870570801,-0.02212054937014035,1.6136425179802478,1.1922989656553542,1.1459083402803016,1,1,0,1,1,0,0
2,0.7791824650055245,-1.1241159189932086,-1.6606797619731186,-1.6920570065045195,-1.5275352381553111,0.6378865279455833,0,0,1,1,1,0,0
11,-0.41405255031687116,0.9951775997075231,-0.15866715042038848,0.9190443616586407,1.5564055255478768,1.1851278370281058,0,0,0,0,0,1,0
3,-0.41405255031687116,-1.2557880015160352,-1.1144933577721257,-1.2928205822968117,1.5893421340251748,0.34148936172644956,1,1,0,0,0,0,0
13,-1.6072875656392664,1.314952657262959,0.45579255430572835,-1.5772009617806633,-0.8418179988452644,-1.6820485078447978,1,1,0,0,0,1,0
2,-0.11574379648627241,-1.0049840348058896,-1.5241331609228705,0.05886804439684786,1.2279927244561935,0.15345025167580162,0,0,1,1,1,0,0
11,1.3757999726667223,0.7694540296683919,1.5481653627077137,-0.07981698860478169,-0.3031317574906515,0.9599737283994481,0,0,0,0,0,1,0
14,-1.3089788118086676,-1.2745982990192963,1.752985264283086,1.3828437886748668,0.39469736498284463,1.6384058586940566,0,0,1,1,1,0,0
1,-1.3089788118086676,0.3556274845966514,0.11442605168010796,-1.424729232009662,0.7818127480675463,0.13799441025560719,1,1,0,1,1,0,0
13,0.4808737111749255,0.3556274845966514,0.31924595325548005,0.4112132857585626,1.2641108366547582,1.5311907941356955,1,1,0,0,0,1,0
17,1.0774912188361234,-0.591157489734149,-0.568306953571133,-0.03809025724046737,-0.8788083101201846,-0.16800359735412831,1,1,0,0,1,0,1
2,-0.11574379648627241,-1.4125404807098767,-1.5924064614479945,-0.6028367436894934,0.4519386911013719,-0.9268092581444414,0,0,1,1,1,0,0
6,0.7791824650055245,-0.5974275889019027,-0.6365802540962572,-1.2141977959939436,-1.302402506181137,0.4617260101472086,0,1,0,0,0,1,0
18,-0.7123613041474699,0.017042129537954327,-1.5241331609228705,1.2831674604747718,0.03278703901726902,1.6129297141566505,1,1,0,0,0,0,0
6,-1.0106700579780687,-1.7135052407620517,-0.5000336530460089,-0.7762426550115344,-1.1669594789446562,-1.4515628910451108,0,1,0,0,0,1,0
13,-0.41405255031687116,-0.28392263051422045,-0.9096734561967537,-1.0260314828284753,-0.5027170183675237,-0.01456717163578366,1,1,0,0,0,1,0
15,1.3757999726667223,-1.2871384973548037,0.04615275115498381,1.0242156439354644,0.43242755978600445,-1.4756222780972712,1,1,0,0,0,0,0
7,-1.6072875656392664,-1.581833158239225,0.7288857564062247,1.0476915020805557,0.8593635004944482,-1.1195497231261753,0,0,1,1,1,1,0
16,0.4808737111749255,1.5532164256375975,0.04615275115498381,0.8878210047855336,0.08964724523108253,0.7376849303108042,0,0,1,1,1,1,0
14,1.3757999726667223,0.2114152037383174,1.752985264283086,0.7267061642494521,1.3806112819547531,0.01405450413690884,0,0,1,1,1,0,0
16,1.6741087264973211,-0.02684856463632128,0.865432357456473,0.10192031310225884,-0.9347610967997109,-0.8259853896037654,0,0,1,1,1,1,0
11,1.6741087264973211,-1.500321869058428,-0.568306953571133,-1.0083515506488223,-0.6331556762048699,-1.343940698078711,0,0,0,0,0,1,0
3,-0.7123613041474699,-1.5881032574069787,-1.4558598603977464,-0.5117363263824481,0.5066432302680806,-0.09715655876164347,1,1,0,0,0,0,0
17,-0.11574379648627241,-1.5316723648971957,1.47989206218259,0.837639882346355,-0.26367376683940785,-1.3168505630495286,1,1,0,0,1,0,0
8,-0.41405255031687116,1.5030556322955682,0.04615275115498381,0.36097843103935007,-0.9280829944505482,-0.0324798562263112,0,0,1,1,1,0,0
12,-0.41405255031687116,0.6189716496423042,0.5240658548308526,-1.7132744993681033,-0.9955516011081355,-0.49294968284069063,0,0,1,1,1,0,0
4,-0.7123613041474699,0.44967897211295593,-0.9779467567218776,-1.435495843184703,1.0636994223065264,-1.5660785594918878,0,1,0,0,0,1,0
8,0.18256495734432654,-0.22122163883668397,0.3875192537806042,-0.3205918393449666,1.6898251548259746,-1.370701859320422,0,0,1,1,1,0,0
2,-0.7123613041474699,-1.2745982990192963,-1.4558598603977464,-1.7209985991847152,1.6638901215324582,-0.05846377468954989,0,0,1,1,1,0,0
12,-1.0106700579780687,1.0202579963785379,-1.5924064614479945,0.18539097229982954,0.232765032831005,-0.7887853883023986,0,0,1,1,1,0,0
10,-0.41405255031687116,0.2991965920868686,0.04615275115498381,-0.6203717780651681,-0.2857482412114852,-3.7960437935052116e-05,0,1,0,0,0,0,1
3,1.6741087264973211,-1.738585637433066,0.04615275115498381,0.9148686424785532,-1.4852134268996675,-0.00525774705066041,1,1,0,0,0,0,0
17,1.3757999726667223,-0.1209000521526256,0.5240658548308526,-0.46290257978352667,-0.18347764118783572,0.14200278604398991,1,1,0,0,1,0,0
19,1.6741087264973211,-1.6633444474200223,1.0019789585067211,1.0603895197424162,-0.8915913967242005,0.6025028488252554,0,1,0,0,0,0,0
3,0.7791824650055245,1.7036988056636848,0.6606124558811008,-0.5332941060445384,1.5023586345071076,1.1191954562479667,1,1,0,0,0,0,0
10,-1.3089788118086676,0.3493573854288977,-0.9779467567218776,1.50449241322863,-1.1519812266817246,-1.5285080943195426,0,1,0,0,0,0,0
18,-0.11574379648627241,0.4434088729452022,-1.1827666582972498,1.1228446299005264,0.8673171063888012,1.0114946807180505,1,1,0,0,0,0,0
9,-0.41405255031687116,-0.7102893739214685,-1.387586559872622,-0.924541719641915,0.45320755025500664,1.3868570556376463,0,0,1,0,1,0,0
15,1.0774912188361234,-1.1868169106707451,-0.5000336530460089,1.0836376077113141,-0.2371573212525533,-0.4527983592424885,1,1,0,0,0,0,0
6,-0.11574379648627241,-1.6006434557424858,-0.7048535546213811,0.25703102724898913,-0.5343131900845477,-0.4024249744134397,0,1,0,0,0,1,0
2,-0.41405255031687116,-1.0927654231544408,1.752985264283086,0.13729216268982206,-0.26413987708437375,-0.6057050832100479,0,0,1,1,1,0,1
6,0.4808737111749255,1.0641486905528132,-0.7048535546213811,1.2980722145213053,-0.037491183933949485,0.8102592970708815,0,1,0,0,0,1,0
17,-0.11574379648627241,1.0202579963785379,0.5240658548308526,0.7046883039546872,0.9668864613598098,-1.2629774990754576,1,1,0,0,1,0,0
17,-0.11574379648627241,1.5281360289665824,-1.387586559872622,1.291630228526916,-0.5814222163938882,1.0867555622714469,1,1,0,0,1,0,0
16,-0.7123613041474699,-0.3905143163660325,-0.7048535546213811,1.0169040420139972,-1.2630633916494887,-0.9645579832338854,0,0,1,1,1,1,1
10,-1.3089788118086676,0.8321550213459284,0.3875192537806042,0.3294767369192852,0.2111118407837501,0.7226571757944551,0,1,0,0,0,0,0
11,-0.7123613041474699,-1.6758846457555299,-1.0462200572470017,-0.5552251436307641,-0.9883927372676004,-0.29114664899988313,0,0,0,0,0,1,0
14,1.3757999726667223,0.7381035338296235,0.04615275115498381,0.2872572385200643,-0.00036977335590966475,0.35978329568924067,0,0,1,1,1,0,0
16,0.4808737111749255,1.139389880565857,1.2750721606072175,0.21432679926167117,0.6762976318201496,1.4375615924123375,0,0,1,1,1,1,0
18,1.0774912188361234,0.6252417488100579,-1.1144933577721257,-0.27311437855913095,0.8174519718050356,1.4786832048010403,1,1,0,0,0,0,0
7,0.18256495734432654,0.7945344263394063,0.04615275115498381,1.1607233175239233,-1.3526464876213793,1.431818323310774,0,0,1,1,1,1,0
6,0.4808737111749255,0.9575570047010014,-1.1144933577721257,0.8335267045461267,-1.0656189828708793,0.9707902271420451,0,1,0,0,0,1,0
8,-1.0106700579780687,-0.2149515396689305,-0.02212054937014035,1.2458340577976412,1.4790575286084466,-0.14525792396812465,0,0,1,1,1,0,0
2,1.3757999726667223,1.5720267231408582,1.2067988600820934,-1.6257706628006252,1.4428381072458518,-0.8988090246626841,0,0,1,1,1,0,0
5,-0.7123613041474699,1.3964639464437567,-0.09039384989526432,-0.6625677555410027,0.9737104118660832,-0.7970734474791072,0,0,0,0,1,0,0
1,-0.41405255031687116,-1.4376208773808914,-1.251039958822374,1.6330945931856462,-0.16673135481169896,0.17215627770577585,1,1,0,1,1,0,0
18,-1.6072875656392664,0.3054666912546223,-1.6606797619731186,-0.6678785049301871,-0.3854889563860563,-0.28008614982653424,1,1,0,0,0,0,0
6,-1.6072875656392664,0.945016806365494,0.2509726527303563,-0.10740021229241344,0.2087451133235561,-1.5312372425140934,0,1,0,0,0,1,0
14,-1.0106700579780687,-0.6475883822439321,1.684711963757962,0.0734798470092019,-0.2313830877715292,-0.37026627543962165,0,0,1,1,1,0,1
12,-1.0106700579780687,-0.08954955631385736,0.2509726527303563,-1.4783078366862112,0.8770516144660803,-0.8153871907144481,0,0,1,1,1,0,0
6,-1.3089788118086676,0.6377819471455654,0.5240658548308526,-1.651560731844924,-1.2409461297751039,0.7219404502346171,0,1,0,0,0,1,0
18,-1.6072875656392664,0.2176853029060711,-1.5241331609228705,-0.9405023664025575,0.5884762984018715,-1.6906216802821878,1,1,0,0,0,0,0
16,-0.41405255031687116,-1.4250806790453838,0.5240658548308526,0.18524817106719113,0.7620055283813881,1.0315150115302998,0,0,1,1,1,1,0
14,0.4808737111749255,1.3337629547662198,-0.6365802540962572,-0.3662697859932936,0.5749700360995432,-1.0486440198268563,0,0,1,1,1,0,0
4,-1.3089788118086676,-1.7009650424265441,-1.0462200572470017,-1.443720294008195,-1.0574376041630735,-1.6669844565811514,0,1,0,0,0,1,0
6,-0.7123613041474699,0.042122526208969065,-0.5000336530460089,1.3466170189959192,1.1047710508841422,-0.5745144590424319,0,1,0,0,0,1,0
19,-1.3089788118086676,1.2083609714111467,-0.9096734561967537,1.1322255253829796,-0.5703890855682062,0.9224345775561876,0,1,0,0,0,0,0
8,-1.3089788118086676,-1.4125404807098767,1.2750721606072175,-0.9804796833499332,1.6620459513542443,0.9429622400896039,0,0,1,1,1,0,0
3,1.0774912188361234,-0.754180068095744,1.4116187616574658,-0.11086233956239247,-1.1488807348307748,-0.07915138444987559,1,1,0,0,0,0,1
3,0.7791824650055245,-0.2588422338432059,-0.02212054937014035,-0.8478110667407268,-1.3005263983517261,1.134132573940196,1,1,0,0,0,0,0
17,1.0774912188361234,1.0265280955462912,0.2509726527303563,-1.145830748448458,-0.8289245561126258,-1.6951950285017348,1,1,0,0,1,0,0
1,-0.41405255031687116,-1.4815115715551668,0.7288857564062247,-0.01743673850291178,-1.5565641436166069,-0.35472555734389644,1,1,0,1,1,0,0
12,1.0774912188361234,0.3995181787709268,-0.2952137514706366,-0.8277740748487127,-0.8495298796718875,0.7781165995476708,0,0,1,1,1,0,0
2,1.6741087264973211,1.1080393847270886,-1.0462200572470017,1.4217723159373419,-0.3093934279604502,-0.4313356700725233,0,0,1,1,1,0,0
14,-1.3089788118086676,0.5311902612937535,-1.6606797619731186,-1.453088203533979,0.3446409896180762,-0.9087790472912961,0,0,1,1,1,0,0
7,0.4808737111749255,-1.6758846457555299,0.7288857564062247,0.7463981579852628,-0.7409034852310409,0.20368545400872112,0,0,1,1,1,1,0
2,0.18256495734432654,0.80080452550716,-1.387586559872622,-0.06699518088493087,-0.8374239654809306,0.11164801790933854,0,0,1,1,1,0,0
6,-1.0106700579780687,-0.2149515396689305,1.2067988600820934,1.1866843277106802,1.5935465533027087,-1.2229767459882965,0,1,0,0,0,1,0
8,1.0774912188361234,1.0766888888883206,-1.1144933577721257,-1.4795716422097105,0.7881683115767697,-0.04203077946910943,0,0,1,1,1,0,0
7,0.4808737111749255,-1.4815115715551668,-0.02212054937014035,-0.8875165992360736,1.110654954500947,1.0110745400326484,0,0,1,1,1,1,0
10,-1.0106700579780687,1.2522516655854226,0.865432357456473,0.3010879967174767,-0.5144083918349126,-1.4415852228669523,0,1,0,0,0,0,0
3,-1.6072875656392664,0.32427698875788297,1.6164386632328378,-1.099321934677534,0.12737217606090476,1.2658574639860098,1,1,0,0,0,0,0
18,-0.41405255031687116,-1.2369777040127747,-0.15866715042038848,0.7638815113996666,0.4655269586567511,1.6388011313909816,1,1,0,0,0,0,0
1,0.7791824650055245,-0.064469159642843,-0.7048535546213811,0.6569639967283721,-1.6118277439673536,0.5623596752256447,1,1,0,1,1,0,1
19,0.18256495734432654,0.7694540296683919,-0.15866715042038848,0.18208503374756768,-0.1162864660751161,-0.6748701442683387,0,1,0,0,0,0,1
16,-0.41405255031687116,1.5093257314633217,-1.1144933577721257,-1.0735118692720704,-1.3859213642039723,-0.29750220181303244,0,0,1,1,1,1,0
1,-0.7123613041474699,0.7757241288361456,1.1385255595569692,0.48885661635045274,0.5114124479532112,-0.4952351082026031,1,1,0,1,1,0,0
10,1.6741087264973211,-1.1303860181609628,-1.5241331609228705,0.6677274894072174,-0.5892500768139769,0.7524137347764737,0,1,0,0,0,0,0
10,0.18256495734432654,1.5594865248053513,1.6164386632328378,0.12191619032052117,0.5521618140748649,0.7977673927169657,0,1,0,0,0,0,0
13,1.0774912188361234,-1.0676850264834263,-1.5924064614479945,-1.654967830017842,1.2915488492316154,-1.6852201505903237,1,1,0,0,0,1,0
15,-1.3089788118086676,0.8635055171846965,0.45579255430572835,1.0220475610237774,1.7450032694760151,-0.5436949457785786,1,1,0,0,0,0,0
3,-0.41405255031687116,-0.03938876297182846,1.2750721606072175,1.6626245448418127,0.9303557528422199,-0.3113480057836241,1,1,0,0,0,0,0
5,-0.7123613041474699,0.6942128396553481,-1.6606797619731186,-0.9138755914926063,-1.4029758731540216,-0.5301455237675899,0,0,0,0,1,0,0
1,-0.7123613041474699,-0.8294212581087876,0.7971590569313488,-1.5938057408248996,-1.7314452476092608,1.663560756950824,1,1,0,1,1,0,0
8,-1.6072875656392664,0.41205837710643417,-1.4558598603977464,-0.984823838036788,1.574834729218801,0.9657837057987428,0,0,1,1,1,0,0
7,1.6741087264973211,1.013987897210784,1.4116187616574658,0.3376204729019397,1.4108230617104822,1.66862842130579,0,0,1,1,1,1,0
5,-0.7123613041474699,0.19887500540281003,1.752985264283086,0.03302724257531587,-0.976620259051508,-1.1472456007524945,0,0,0,0,1,0,1
8,-1.6072875656392664,1.4278144422825247,-1.5241331609228705,1.1168461287531857,1.0456258391019135,0.4232752776090136,0,0,1,1,1,0,0
3,0.7791824650055245,-1.1241159189932086,-0.36348705199576076,1.700043988707394,-1.178009774184275,-0.38593178568277614,1,1,0,0,0,0,0
1,-1.3089788118086676,-1.3561095882000938,-0.568306953571133,-1.2073073229622477,1.0990585440584668,-0.9812275925061221,1,1,0,1,1,0,0
16,0.7791824650055245,0.3180068895901293,-1.4558598603977464,0.2660189261146678,-1.470327131982415,1.2815021313635921,0,0,1,1,1,1,0
9,1.3757999726667223,1.647267913153902,-1.1144933577721257,-1.5859118445547993,1.2280354077576943,-1.6361798401717704,0,0,1,0,1,0,0
16,0.4808737111749255,1.622187516482887,-1.387586559872622,0.8022860936796774,-0.7967032834489819,-0.8834844406059897,0,0,1,1,1,1,0
12,0.4808737111749255,-0.17106084549465508,-1.387586559872622,-1.5706772694124729,0.09438899099519768,1.574854746384531,0,0,1,1,1,0,0
4,1.6741087264973211,-1.0300644314769043,1.0019789585067211,1.3128581983640266,0.03577718851098477,1.382170921604272,0,1,0,0,0,1,0
9,0.4808737111749255,-1.494051769890674,0.5923391553559767,0.1405057511316342,1.2716633885258082,0.7840949424507241,0,0,1,0,1,0,0
6,0.4808737111749255,-1.1680066131674844,0.5240658548308526,-1.1953989206992666,-1.2258794602715783,-0.6015709902054855,0,1,0,0,0,1,0
15,0.7791824650055245,-0.6789388780827003,0.7288857564062247,0.3991992086495964,0.8751730953838339,-1.209348937482922,1,1,0,0,0,0,0
7,1.0774912188361234,-1.5504826624004568,-0.15866715042038848,-1.7215338610528566,1.113650900632573,-0.9667278968560489,0,0,1,1,1,1,0
5,-1.3089788118086676,0.487299567119478,-1.5924064614479945,1.13734070208903,0.005231416365806013,-1.7367919422615077,0,0,0,0,1,0,0
15,1.3757999726667223,-1.0363345306446579,1.0702522590318453,0.4448386150487567,-0.8732775748548623,0.4379246290012234,1,1,0,0,0,0,0
15,-1.0106700579780687,0.2991965920868686,-0.4317603525208849,0.8915285807554822,0.1251219569532722,1.5778694239315636,1,1,0,0,0,0,0
16,-0.41405255031687116,-0.001768167965306347,-1.4558598603977464,-1.1386603417893897,0.939509937863305,1.5234889669004112,0,0,1,1,1,1,0
3,1.6741087264973211,0.7694540296683919,-1.0462200572470017,-0.10219075738712434,-1.5893930667761358,-1.500101322229665,1,1,0,0,0,0,0
1,-1.3089788118086676,-0.05192896130733564,1.47989206218259,1.6100592235909514,0.8643016745816099,-1.3081674348617023,1,1,0,1,1,0,0
10,0.18256495734432654,-1.563022860735964,-0.9779467567218776,1.100623447584985,-0.47588733615577006,1.0781912012501238,0,1,0,0,0,0,0
7,1.0774912188361234,1.6284576156506414,0.5923391553559767,-0.7934019130451645,1.7421314368485277,-0.28219150798435033,0,0,1,1,1,1,0
15,0.7791824650055245,-1.500321869058428,-0.7048535546213811,1.0083106520018936,0.665767484078798,-0.9939475466482763,1,1,0,0,0,0,0
2,-0.7123613041474699,-1.6069135549102398,-0.9779467567218776,-0.7946711018124425,1.5780356262463417,-1.2355001989171255,0,0,1,1,1,0,0
16,-0.41405255031687116,-1.2181674065095136,-1.319313259347498,0.8883003808162224,-0.22593456660947536,-0.6779985949265102,0,0,1,1,1,1,0
12,-1.3089788118086676,-0.7228295722569757,1.6164386632328378,0.5134708328645577,-0.4876185139580274,1.2361012887865037,0,0,1,1,1,0,0
4,1.3757999726667223,-1.3686497865356013,1.4116187616574658,-1.0351318444621678,-1.4714705543441002,-1.226490634308087,0,1,0,0,0,1,0
14,-1.3089788118086676,-0.4971060022178444,-1.5241331609228705,1.015184069343856,-0.7513809367403057,1.400612862361908,0,0,1,1,1,0,0
9,-0.7123613041474699,1.5594865248053513,-0.02212054937014035,-1.7350621370915376,0.32752640484164525,0.345411121570563,0,0,1,0,1,0,0
0,-0.7123613041474699,1.521865929798829,0.865432357456473,-0.9596354888639366,-1.2243706190719457,0.4986102068699547,0,1,1,1,1,0,0
2,0.4808737111749255,0.7318334346618698,-0.8414001556716295,-1.2222250515396598,-0.14683307096568038,0.5988781035604804,0,0,1,1,1,0,0
1,-0.11574379648627241,1.6660782106571628,-0.9779467567218776,0.6632096133107641,1.2561605041823887,0.9432817640002805,1,1,0,1,1,0,0
18,1.3757999726667223,-0.4030545147015399,1.752985264283086,-1.3765802791947255,-0.9362703779349256,1.6598885387897562,1,1,0,0,0,0,0
16,-0.11574379648627241,-1.2056272081740063,0.18269935220523212,0.6890783969449796,0.1903265664133661,-1.725062926725138,0,0,1,1,1,1,0
13,-1.3089788118086676,-0.33408342385624956,0.5240658548308526,1.3115694983502235,-1.5021747764155635,1.0980402459772578,1,1,0,0,0,1,0
5,-1.3089788118086676,-0.7040192747537146,0.9337056579815971,-1.044957098706481,0.6640354501048875,1.0873911281864175,0,0,0,0,1,0,0
19,0.18256495734432654,0.9387467071977402,1.6164386632328378,1.5501572931015553,-1.3542168749494548,1.3465074703140167,0,1,0,0,0,0,0
8,-0.11574379648627241,-1.2871384973548037,0.9337056579815971,0.3796078678226385,-0.7348230154962769,1.4815758070683362,0,0,1,1,1,0,0
18,-1.3089788118086676,0.24903579874483953,-0.36348705199576076,-0.5658520868138265,1.0954829481090493,-1.481319417374741,1,1,0,0,0,0,0
0,-0.7123613041474699,0.7004829388231018,-0.22694045094551263,-0.17567070069065963,0.4880377636469066,0.06507771242805255,0,1,1,1,1,0,1
19,1.3757999726667223,-1.6696145465877759,-0.15866715042038848,0.5087256619811665,-0.09475931114462002,0.37464057059650296,0,1,0,0,0,0,0
6,0.18256495734432654,0.487299567119478,1.3433454611323417,-1.1097447387617114,1.0063543859810353,0.5235178552018768,0,1,0,0,0,1,0
6,1.6741087264973211,1.6974287064959315,0.45579255430572835,0.1360107514297684,-0.04510619473769324,-1.4764280426346288,0,1,0,0,0,1,0
6,-1.0106700579780687,1.0453383930495521,0.2509726527303563,-0.292925856639357,-1.0727187603492578,1.1532670130892482,0,1,0,0,0,1,0
3,-0.41405255031687116,-0.7479099689279901,-0.09039384989526432,-0.26840369562210187,-0.5677540721990613,-0.47326162383338777,1,1,0,0,0,0,1
0,1.6741087264973211,-0.7918006631022658,1.684711963757962,1.2579796154893097,0.2578177591397882,-0.23910701824081482,0,1,1,1,1,0,0
2,-0.7123613041474699,0.3556274845966514,0.5923391553559767,1.0019033202708425,0.5285878457195046,1.678844715012828,0,0,1,1,1,0,0
10,-1.0106700579780687,-0.2588422338432059,-0.5000336530460089,0.4439629411089506,0.8056355634782641,-1.3030341952435678,0,1,0,0,0,0,0
18,-0.7123613041474699,1.2522516655854226,-0.15866715042038848,0.44735185227667223,-0.47228656692207677,0.017303873946576363,1,1,0,0,0,0,0
11,-0.41405255031687116,0.24903579874483953,1.47989206218259,0.31037940365594857,0.26044086500419705,0.5370782312508342,0,0,0,0,0,1,1
5,-0.11574379648627241,-0.8356913572765413,-0.02212054937014035,1.6119068590971297,-0.8792018894462974,0.5166879122120888,0,0,0,0,1,0,0
13,0.4808737111749255,1.139389880565857,0.7288857564062247,1.6133198005557203,-0.18517472082593728,-0.940999062121248,1,1,0,0,0,1,0
9,-0.11574379648627241,-0.05192896130733564,-0.6365802540962572,0.05752137366291334,-0.599436819500653,1.1131800327213515,0,0,1,0,1,0,0
13,-0.41405255031687116,-0.014308366300813717,-1.1827666582972498,0.3941299397231423,0.712217756754596,-1.1801152301932762,1,1,0,0,0,1,0
0,1.6741087264973211,-0.9861737373026289,1.2067988600820934,0.8063976750560314,0.5597859514893567,-0.1143126661717479,0,1,1,1,1,0,0
3,0.4808737111749255,-0.7667202664312511,1.47989206218259,1.2622655104985487,-1.0646917444832367,-1.3711151767529182,1,1,0,0,0,0,0
1,-1.3089788118086676,1.4591649381212928,0.7971590569313488,1.4984953877138483,-1.655288720124048,-1.3358055809573384,1,1,0,1,1,0,0
12,-0.41405255031687116,-1.3749198857033547,-1.387586559872622,-1.3821847893861863,0.27908413037523033,0.6257363195718323,0,0,1,1,1,0,0
0,-0.41405255031687116,-0.22749173800443767,-0.09039384989526432,0.6320479844023955,-1.7331980665925333,-0.6392642684600653,0,1,1,1,1,0,1
5,0.4808737111749255,1.3588433514372344,1.2067988600820934,-0.04939354995166876,0.5706393601071793,-1.27502444802362,0,0,0,0,1,0,0
15,-0.7123613041474699,0.36189758376440506,1.684711963757962,-1.041519620156256,0.593937852903882,1.601847523090742,1,1,0,0,0,0,0
13,0.18256495734432654,0.4622191704484633,0.865432357456473,1.2618194712715787,-1.1664653386195527,0.6410450863427231,1,1,0,0,0,1,0
7,1.0774912188361234,0.850965318849189,1.684711963757962,-0.8953111730805132,1.1524225348098351,1.2369695752083767,0,0,1,1,1,1,0
3,1.6741087264973211,0.41832847627418784,1.4116187616574658,1.4365192267230844,0.3356220505596265,1.501234752017877,1,1,0,0,0,0,0
14,-0.41405255031687116,0.16125441039628832,-1.387586559872622,0.255990361661604,-0.5583942216949408,-1.2069846144935636,0,0,1,1,1,0,1
12,0.7791824650055245,-0.7353697705924829,1.0702522590318453,1.6946134884808985,0.8741483972666444,-1.4453980570663807,0,0,1,1,1,0,0
8,1.3757999726667223,0.28665639375136126,0.5923391553559767,-0.34222037831099367,-0.6348022432360402,0.5543066902305234,0,0,1,1,1,0,0
12,-1.3089788118086676,0.7443736329973772,1.0702522590318453,-0.642785098210516,1.2872984482477479,-0.4572064825145798,0,0,1,1,1,0,0
5,0.7791824650055245,-1.337299290696833,-0.9096734561967537,0.3688485064083211,0.20377123846230827,-0.44075645531195295,0,0,0,0,1,0,0
13,-1.6072875656392664,1.3713835497727422,0.6606124558811008,-0.9536567151263133,-1.535208270031774,0.33204356923973377,1,1,0,0,0,1,0
14,1.0774912188361234,-1.726045439097559,-0.2952137514706366,1.245196278165717,0.04642853127596382,-0.09854334418856878,0,0,1,1,1,0,0
10,-0.41405255031687116,0.16125441039628832,0.7971590569313488,-0.8886656070546145,-0.10392328233019023,-0.39243457558038203,0,1,0,0,0,0,0
12,-1.3089788118086676,0.5374603604615071,1.2067988600820934,-1.6762910963797217,-1.1003877989130588,-1.732713599977201,0,0,1,1,1,0,0
16,-0.41405255031687116,-0.9673634397993677,-0.7048535546213811,-0.8976100355498213,1.493509844628591,-1.550091290902635,0,0,1,1,1,1,0
15,-0.11574379648627241,0.3493573854288977,-1.4558598603977464,-0.8516521651565594,-0.784352215360248,-0.6941526164428122,1,1,0,0,0,0,0
16,1.6741087264973211,0.07974312121549079,-1.1827666582972498,-0.6631397868753173,0.3701156696464009,0.7225587674011635,0,0,1,1,1,1,0
3,-0.7123613041474699,-1.1805468115029916,-0.02212054937014035,0.06687970403660534,-1.3577545207406179,1.2189755676982668,1,1,0,0,0,0,0
5,0.18256495734432654,0.2114152037383174,1.6164386632328378,0.22185965719786263,-0.8847732620221025,1.5776437518205628,0,0,0,0,1,0,0
17,-0.11574379648627241,0.6691324429843337,1.2750721606072175,-1.589244813491587,0.4510537455061912,1.5377144554714843,1,1,0,0,1,0,0
8,1.0774912188361234,1.521865929798829,-0.7048535546213811,0.37282119652348955,-0.336855880354002,1.1512188267234857,0,0,1,1,1,0,0
18,0.4808737111749255,-1.4376208773808914,0.04615275115498381,-0.8555639661689929,-0.7233847282959641,0.7773317343707221,1,1,0,0,0,0,0
17,1.6741087264973211,-0.697749175585961,-1.0462200572470017,1.0591986976654557,0.9246189765172587,-1.2401915748567096,1,1,0,0,1,0,0
1,-0.41405255031687116,1.2836021614241906,1.2750721606072175,1.2433413658144192,-1.026032498686773,-1.4272660808364777,1,1,0,1,1,0,0
4,-0.41405255031687116,0.8823158146879575,0.18269935220523212,-1.02654157190053,0.4681136092985975,-0.8688109256003773,0,1,0,0,0,1,0
15,0.7791824650055245,-0.15225054799139384,-0.02212054937014035,1.6754224168664065,-1.3108711117278036,0.6497720972553753,1,1,0,0,0,0,0
9,1.0774912188361234,0.6001613521390435,0.9337056579815971,0.7653110441691874,-1.7387270483267538,-0.577034663929089,0,0,1,0,1,0,1
14,-1.0106700579780687,-0.37797411803052533,0.865432357456473,0.2601445320284558,-0.8223504279169027,-1.4837292619043667,0,0,1,1,1,0,1
18,-0.41405255031687116,0.46848926961621695,0.7288857564062247,-1.076041343385363,-0.6477905905686818,-0.9735496912863093,1,1,0,0,0,0,0
8,0.18256495734432654,1.4967855331278148,1.2750721606072175,-0.9313853553441551,0.1206714393637856,1.290574338550487,0,0,1,1,1,0,0
1,-1.0106700579780687,0.644052046313319,-1.5241331609228705,-1.0813735848676418,-1.6091919450325405,-0.4474899660005022,1,1,0,1,1,0,0
12,-1.6072875656392664,0.4747593687839706,-0.15866715042038848,-0.13111962054990414,-1.581511654266236,0.18945175171138054,0,0,1,1,1,0,0
17,-0.41405255031687116,1.245981566417669,0.3875192537806042,0.8701296632078854,-1.19013158691592,-0.34006932831926073,1,1,0,0,1,0,0
4,1.6741087264973211,0.7631839305006383,-0.9096734561967537,1.6527822289356855,-0.1103398856239829,-0.43345712292771155,0,1,0,0,0,1,0
6,0.4808737111749255,1.4967855331278148,-0.36348705199576076,1.4652921625801132,0.12047710958030725,1.1587448252541277,0,1,0,0,0,1,0
0,-0.11574379648627241,0.80080452550716,-0.5000336530460089,0.9844314363003803,1.272349099750944,0.34949972425582776,0,1,1,1,1,0,0
10,-0.11574379648627241,1.3901938472760025,0.5923391553559767,-1.5211546418160233,-1.3775251667408979,-0.9711210646966116,0,1,0,0,0,0,0
15,-1.3089788118086676,0.5186500629582461,-0.2952137514706366,-0.5420972680725101,-0.9468753199591953,0.007286639081440092,1,1,0,0,0,0,0
9,-0.7123613041474699,0.8070746246749136,0.04615275115498381,0.33691486050340314,0.034359761655510836,1.4267943552209048,0,0,1,0,1,0,0
7,-0.11574379648627241,0.23649560040933215,0.7971590569313488,-0.38749821970216847,-0.01716807522095319,-0.38268589670811387,0,0,1,1,1,1,1
12,-1.3089788118086676,0.945016806365494,0.6606124558811008,0.5917261527035893,0.09395862301570056,0.7408242608846893,0,0,1,1,1,0,0
9,0.18256495734432654,1.5532164256375975,-1.1144933577721257,-0.6243516420995242,-1.7136388001878624,-1.2260293999980056,0,0,1,0,1,0,0
9,-1.3089788118086676,-0.45321530804356897,-0.36348705199576076,0.24166535062013023,1.5137152682480342,0.23403457821065973,0,0,1,0,1,0,0
13,-0.7123613041474699,-1.1491963156642235,-0.7731268551465053,-1.2581174302575528,1.3914471663793018,1.1147359636657812,1,1,0,0,0,1,0
0,-1.0106700579780687,1.2836021614241906,1.0702522590318453,1.1133721234716678,0.568662263081668,-1.3370114186356188,0,1,1,1,1,0,0
2,-0.7123613041474699,1.622187516482887,-0.7048535546213811,1.5901376028385776,0.15443214226608862,1.5876759814354455,0,0,1,1,1,0,0
15,-0.7123613041474699,1.0578785913850595,-1.319313259347498,-1.7381710888562263,-1.7321054666590068,0.3289408861210186,1,1,0,0,0,0,0
6,-1.0106700579780687,1.4967855331278148,-0.4317603525208849,-1.076334733244148,-1.0437132311978337,-0.0797639315081096,0,1,0,0,0,1,0
1,0.4808737111749255,1.1582001780691178,-1.1144933577721257,-0.2516586849945254,-1.1894689016692133,-1.500325174508845,1,1,0,1,1,0,0
14,-1.0106700579780687,-0.09581965548161105,-0.6365802540962572,0.6515809585995123,0.3974924076284051,0.4350969038817631,0,0,1,1,1,0,1
18,-1.6072875656392664,-1.1115757206577017,0.9337056579815971,-0.9760129186880662,-1.178515791834625,0.5131778726395393,1,1,0,0,0,0,0
12,0.18256495734432654,-1.3498394890323402,0.7971590569313488,1.3256418798370213,-0.1993807901603925,-1.0845478287335304,0,0,1,1,1,0,0
5,1.3757999726667223,-1.1680066131674844,-0.22694045094551263,1.1214515007842747,0.80741397038291,0.9067393111333413,0,0,0,0,1,0,0
2,1.3757999726667223,0.7945344263394063,0.865432357456473,-0.8411545942012055,0.9020365303263983,-1.2838309715112521,0,0,1,1,1,0,0
5,-0.41405255031687116,-1.337299290696833,-0.8414001556716295,-1.6974194213836118,-0.9392626297831749,1.6225049757048378,0,0,0,0,1,0,0
1,-0.41405255031687116,-0.6601285805794392,0.45579255430572835,-0.05282471631991636,-1.4055933875396784,0.13977259747319143,1,1,0,1,1,0,1
0,0.18256495734432654,1.452894838953539,-1.4558598603977464,1.2497827848159264,-0.931187439291077,0.49927265363218387,0,1,1,1,1,0,0
9,0.7791824650055245,0.9889075005397694,0.2509726527303563,-0.15102775975339183,0.9897466257719258,1.3321740123671604,0,0,1,0,1,0,0
8,-1.6072875656392664,-0.9924438364703825,-1.1144933577721257,1.520016566318915,1.0744068466843313,-1.4941330237826478,0,0,1,1,1,0,0
13,1.0774912188361234,-0.22749173800443767,1.0019789585067211,-0.1440077078365222,0.4654201780049512,0.5257567677989041,1,1,0,0,0,1,1
18,-1.6072875656392664,-1.2495179023482819,-0.568306953571133,-1.5089065782048114,0.044038572879424094,-1.2385802257303156,1,1,0,0,0,0,0
10,-1.6072875656392664,-1.199357109006253,0.7971590569313488,-1.5739709346991315,-1.6599769992781652,0.8267054919304081,0,1,0,0,0,0,0
13,-1.0106700579780687,0.8133447238426673,0.6606124558811008,-1.6974619400473936,1.598034037829958,0.7965636182418457,1,1,0,0,0,1,0
14,-0.7123613041474699,0.9889075005397694,-0.7048535546213811,1.5182336290395355,0.9855827095825132,-0.5293859818635738,0,0,1,1,1,0,0
11,-0.41405255031687116,0.44967897211295593,0.45579255430572835,-1.5017824862808178,-0.28979043831476986,-1.4726471009583428,0,0,0,0,0,1,0
4,1.6741087264973211,0.3681676829321588,0.3875192537806042,0.965704820148358,-0.9866495312619117,1.6229107113863348,0,1,0,0,0,1,0
16,-1.3089788118086676,0.6503221454810727,-1.4558598603977464,0.9385636665579993,0.4891961244301308,0.07858947007866074,0,0,1,1,1,1,0
1,1.0774912188361234,-0.8106109606055265,0.7288857564062247,-0.7270441310869491,1.6812825286813824,0.3266138666694765,1,1,0,1,1,0,0
4,1.6741087264973211,-0.32781332468849583,-0.9779467567218776,-1.5881278912313328,-1.4017916509420172,0.3150059943700462,0,1,0,0,0,1,0
8,0.7791824650055245,1.314952657262959,-0.7731268551465053,-0.22031154812236847,0.3793589048388513,1.5088594686703733,0,0,1,1,1,0,0
0,-0.41405255031687116,-0.6663986797471927,0.45579255430572835,-0.024499029772181505,-1.7497453009136186,1.6798221428157856,0,1,1,1,1,0,0
5,-1.6072875656392664,-0.28392263051422045,1.47989206218259,-0.8673314080479632,0.8834213115150874,-0.16313960367540542,0,0,0,0,1,0,0
18,0.4808737111749255,-0.2525721346754522,-1.251039958822374,-1.1150107987125837,-1.6038026058188217,-0.6499047433158059,1,1,0,0,0,0,0
7,0.7791824650055245,1.6033772189796272,0.18269935220523212,-1.5900703272872636,-1.2102196938611058,-1.3024760206332326,0,0,1,1,1,1,0
16,-0.7123613041474699,0.029582327873461694,1.684711963757962,-1.0012185834553031,-0.0004974218873376125,1.154135422931282,0,0,1,1,1,1,0
15,-0.11574379648627241,0.8948560130234648,0.5240658548308526,0.01806560902448757,-0.7393897774884488,0.19889455011272858,1,1,0,0,0,0,0
5,1.6741087264973211,0.5562706579647678,-0.02212054937014035,0.8918522723711343,-1.2270446033699378,-0.15961229039256322,0,0,0,0,1,0,0
4,0.4808737111749255,-0.9360129439605996,1.2750721606072175,0.7720343758621232,1.7232797828583246,-1.4152648241819097,0,1,0,0,0,1,0
19,-1.3089788118086676,1.3337629547662198,-0.02212054937014035,0.17959037452426116,0.805487552534706,0.3754840550921478,0,1,0,0,0,0,0
2,0.7791824650055245,-1.0426046298124116,-0.8414001556716295,0.12293315067563876,0.06443892496472312,1.1795851892857654,0,0,1,1,1,0,0
10,-1.6072875656392664,-1.6570743482522687,0.5923391553559767,0.8833994775859663,0.6114835801682713,0.8615546063798731,0,1,0,0,0,0,0
12,0.4808737111749255,-0.42186481220480077,0.7971590569313488,-1.3081880436366793,-0.427850188051619,0.4703554227779866,0,0,1,1,1,0,0
19,0.4808737111749255,-0.3215432255207424,0.04615275115498381,-0.3858287284305751,-0.3312039086357095,0.6514131055470659,0,1,0,0,0,0,1
19,-0.11574379648627241,-0.5660770930631344,1.3433454611323417,-1.4178548824696373,0.2916112276343979,-0.09233744718125053,0,1,0,0,0,0,0
14,-1.0106700579780687,0.36189758376440506,-1.4558598603977464,-1.5567789484286079,-0.06879845544059461,0.3179075691322545,0,0,1,1,1,0,0
6,1.6741087264973211,-1.3686497865356013,-0.4317603525208849,-0.016866585077657804,-1.5215078055952544,-1.5560388663186782,0,1,0,0,0,1,0
15,1.6741087264973211,1.6535380123216559,0.865432357456473,-1.0139034832809843,1.132038588799484,0.043919996507836644,1,1,0,0,0,0,0
15,-0.7123613041474699,0.44967897211295593,1.6164386632328378,-0.23892947648118673,-1.4805657357734863,-0.9944938422975348,1,1,0,0,0,0,1
16,1.3757999726667223,-1.0049840348058896,1.3433454611323417,-1.1396054804509514,0.46666803168364446,-0.03969165426828209,0,0,1,1,1,1,0
16,1.3757999726667223,0.7569138313328846,-1.319313259347498,1.6869718414973247,0.8556740706253819,0.8051500372876952,0,0,1,1,1,1,0
4,-0.41405255031687116,1.421544343114771,-1.0462200572470017,-0.5829257193810572,-1.7019228822027277,-1.6750941327886375,0,1,0,0,0,1,0
15,-0.11574379648627241,0.9262065088622329,0.6606124558811008,-0.25401068425646156,1.3008828120311267,1.1583992669718295,1,1,0,0,0,0,0
11,-0.7123613041474699,-1.4376208773808914,-0.2952137514706366,-0.15538313040779114,-0.08167042236311547,-1.296408077572057,0,0,0,0,0,1,0
17,0.18256495734432654,0.10482351788650553,1.684711963757962,1.4044122731684807,0.9727078226964149,-1.7345627823437555,1,1,0,0,1,0,0
8,-0.11574379648627241,0.5374603604615071,0.3875192537806042,1.450157868215494,-0.1203646001871887,-1.7124787322689254,0,0,1,1,1,0,0
10,1.0774912188361234,0.850965318849189,-0.22694045094551263,-0.8346123686508514,-0.9187693675421803,1.381272999513366,0,1,0,0,0,0,0
19,-0.11574379648627241,-0.45948540721132247,-1.319313259347498,-1.5133518346197008,-0.06534516555243568,-1.6424472620378585,0,1,0,0,0,0,0
0,-1.3089788118086676,-0.17733094466240856,1.2067988600820934,-1.2579537549202613,0.09374398222832768,-0.3344637902569249,0,1,1,1,1,0,0
5,-0.11574379648627241,0.7569138313328846,-0.5000336530460089,0.7927313013053515,0.15014377296233566,-1.3154371606622324,0,0,0,0,1,0,1
4,0.18256495734432654,0.9262065088622329,0.04615275115498381,-0.2915654346032825,-0.8720211290725852,0.7733916487417128,0,1,0,0,0,1,0
1,-0.41405255031687116,-0.9234727456250923,-0.15866715042038848,-1.054503367639849,0.21048011398097774,-0.1513828204505759,1,1,0,1,1,0,0
10,0.7791824650055245,1.0453383930495521,1.0702522590318453,-1.6631457070930802,0.7591498486413999,-0.31057478020584456,0,1,0,0,0,0,0
5,-0.11574379648627241,0.0672029228799838,-0.568306953571133,1.65029475948579,-0.9881851818021847,-0.3591268689299179,0,0,0,0,1,0,0
7,0.7791824650055245,0.9073962113589719,-0.22694045094551263,0.1579971407306611,0.37921906926600085,-0.9753146024882539,0,0,1,1,1,1,0
2,-1.6072875656392664,1.4967855331278148,-1.5924064614479945,0.5567558377478989,-1.0283358481568667,-1.4208628769386682,0,0,1,1,1,0,0
4,-1.0106700579780687,-1.2056272081740063,-0.9096734561967537,-1.5240444154164978,0.023091159318961902,1.0352872073803052,0,1,0,0,0,1,0
19,-1.0106700579780687,-0.22122163883668397,1.6164386632328378,-1.0432123936488908,-0.8774729868219979,-1.1882079779875547,0,1,0,0,0,0,0
17,-0.7123613041474699,-0.4030545147015399,-0.7048535546213811,-1.0310525361908087,1.3189728117777122,1.2888514165800278,1,1,0,0,1,0,0
14,1.3757999726667223,0.644052046313319,1.0702522590318453,0.1972116090525019,0.8681243812271807,0.1744964492932734,0,0,1,1,1,0,0
2,0.7791824650055245,-0.15225054799139384,-1.5241331609228705,1.4038246364924878,0.11602422156654268,-0.03398779854145271,0,0,1,1,1,0,0
12,0.18256495734432654,0.9889075005397694,-0.15866715042038848,1.1026637957262369,-0.44542956388650934,0.9285930573566163,0,0,1,1,1,0,0
6,1.3757999726667223,1.4152742439470172,-0.9096734561967537,0.06981325488734728,-0.776317656673804,0.9883389365046543,0,1,0,0,0,1,0
17,-0.41405255031687116,-1.2934085965225572,-1.1144933577721257,-0.37046328511473836,1.4511406531685636,0.0880376635743899,1,1,0,0,1,0,0
19,1.6741087264973211,1.189550673907886,-1.319313259347498,1.0029585799266962,-0.6712370335939255,1.2112259201072666,0,1,0,0,0,0,0
9,1.3757999726667223,-1.494051769890674,0.865432357456473,-1.2528852972750344,-1.0782616240374994,-1.1205759937748225,0,0,1,0,1,0,0
11,1.6741087264973211,-0.11462995298487211,0.31924595325548005,0.3877450527375651,-1.4987852679231612,1.2986730682799674,0,0,0,0,0,1,0
10,1.3757999726667223,-1.6445341499167614,-1.6606797619731186,-0.29513420028982773,1.6959678116170525,0.5554384123176808,0,1,0,0,0,0,0
15,-1.3089788118086676,-0.11462995298487211,0.18269935220523212,1.309475517693141,-0.2784649991463122,-1.1967767961876947,1,1,0,0,0,0,0
11,0.7791824650055245,-0.9234727456250923,0.5240658548308526,-1.637809592496519,1.124333331299557,-1.032120534444539,0,0,0,0,0,1,0
11,-1.0106700579780687,1.2397114672499152,0.2509726527303563,-0.7143648553054642,1.4622005121639141,-1.3751733207910415,0,0,0,0,0,1,0
10,0.7791824650055245,0.7318334346618698,-1.5924064614479945,1.1010519398204826,-0.16575159159389924,-0.5191402405235308,0,1,0,0,0,0,1
2,-0.11574379648627241,-0.9234727456250923,-0.9096734561967537,-0.5805170470727458,-1.1784838761890322,0.7082251703419558,0,0,1,1,1,0,1
13,-0.41405255031687116,1.6786184089926706,1.0702522590318453,0.8176994910835991,-1.1164124187874584,0.3678331773918677,1,1,0,0,0,1,0
4,-0.11574379648627241,-0.03311866380407477,-1.387586559872622,1.0476728386386198,1.1980397311618967,-0.8788905815200652,0,1,0,0,0,1,0
13,-0.7123613041474699,-0.03938876297182846,0.5923391553559767,-0.6154463625104117,0.63967788200827,-1.5176110129353702,1,1,0,0,0,1,0
5,-0.11574379648627241,-0.4845658038823372,-0.36348705199576076,-0.953968085065636,1.1742871094548242,-0.7912213168605027,0,0,0,0,1,0,0
9,-0.7123613041474699,1.0265280955462912,-0.02212054937014035,-0.9942406849012285,-0.5165227834687495,-1.5215463824285886,0,0,1,0,1,0,0
14,-0.7123613041474699,1.139389880565857,-0.568306953571133,0.908940893284497,1.0019162841638465,0.5452682422114024,0,0,1,1,1,0,0
1,-1.0106700579780687,-0.17106084549465508,0.11442605168010796,0.19810479489091493,-1.4011478130699784,-0.20986180011678932,1,1,0,1,1,0,1
12,-0.7123613041474699,1.3964639464437567,-1.1827666582972498,-1.293894673159002,-0.33070982773733,1.021256334812083,0,0,1,1,1,0,0
0,-1.6072875656392664,0.017042129537954327,1.0019789585067211,0.818504342520347,1.461734244671144,-0.7885835996572047,0,1,1,1,1,0,0
4,0.7791824650055245,-1.2244375056772674,1.4116187616574658,1.4091827840876487,0.8795902693790167,1.030100622379409,0,1,0,0,0,1,0
0,0.18256495734432654,-1.3498394890323402,-1.1144933577721257,-0.6858057565254807,1.1471637485433013,-0.7834419612835896,0,1,1,1,1,0,0
16,-0.7123613041474699,0.7506437321651309,0.865432357456473,-1.323629733545961,-1.5524297805786849,-0.8465241249946133,0,0,1,1,1,1,0
8,-1.6072875656392664,0.6127015504745505,-0.02212054937014035,1.1110699233603538,-1.5315016484836281,-0.9746062038408109,0,0,1,1,1,0,0
14,0.7791824650055245,-1.3184889931935717,0.18269935220523212,1.2069284192123368,0.5739752179886063,0.2966067078205492,0,0,1,1,1,0,0
8,0.4808737111749255,-0.9485531422961067,-0.6365802540962572,-0.9113415504675202,1.0236638073965865,-1.6387858891383844,0,0,1,1,1,0,0
9,1.3757999726667223,1.3525732522694809,1.684711963757962,0.24272980882455486,0.5421229262938515,-0.8846689380335649,0,0,1,0,1,0,0
11,-1.0106700579780687,-0.4845658038823372,-1.1144933577721257,0.5740833660595548,1.1467811301968902,1.2867621653400303,0,0,0,0,0,1,0
13,0.4808737111749255,0.14244411289302725,-0.15866715042038848,-0.25134675304750065,-0.670581122225726,-0.2530345300920629,1,1,0,0,0,1,1
16,0.7791824650055245,-1.581833158239225,0.2509726527303563,-1.1496243362955405,1.5682622904082413,-0.21613152028480936,0,0,1,1,1,1,0
6,-0.7123613041474699,1.1080393847270886,0.18269935220523212,-1.3790187401305194,-0.43091692050473357,-0.06914197008131422,0,1,0,0,0,1,0
10,-1.3089788118086676,-0.7290996714247292,0.11442605168010796,0.8312598473068787,0.0009688630839415228,0.43826533865078215,0,1,0,0,0,0,0
12,-0.11574379648627241,-0.10208975464936493,0.04615275115498381,1.397463673058424,-0.9475800443070912,-0.13160001151707013,0,0,1,1,1,0,0
15,-1.6072875656392664,0.9136663105267255,-0.7731268551465053,0.37212663019689246,-0.7992137816106897,-1.0416852748180758,1,1,0,0,0,0,0
15,-0.11574379648627241,-1.4376208773808914,1.4116187616574658,-1.568211511528808,1.1610772254847472,1.1652982846927535,1,1,0,0,0,0,0
13,1.0774912188361234,0.39324807960317315,1.6164386632328378,-0.9839390392054329,-0.3873379884160185,-1.6051145182471085,1,1,0,0,0,1,0
8,0.7791824650055245,0.41205837710643417,0.7971590569313488,-0.7555977707448668,1.107477927765916,0.08308475186495126,0,0,1,1,1,0,0
5,0.18256495734432654,-1.4877816707229203,0.9337056579815971,-0.03314579989986904,0.696190004420582,1.6812131361138265,0,0,0,0,1,0,0
15,-1.6072875656392664,-0.6914790764182075,1.2750721606072175,0.7837832057693789,1.3346814141241443,0.5659131946326781,1,1,0,0,0,0,0
15,1.6741087264973211,1.0453383930495521,1.5481653627077137,-0.713542581508251,0.7535495280919325,1.5468267198635055,1,1,0,0,0,0,0
11,0.4808737111749255,-0.7855305639345121,0.11442605168010796,-1.7320476332766368,0.7505092232384625,1.1156200700221306,0,0,0,0,0,1,0
3,-0.7123613041474699,0.28665639375136126,0.31924595325548005,1.0274806815004507,0.5557421161892955,-1.439150286896476,1,1,0,0,0,0,1
16,1.6741087264973211,-1.2181674065095136,1.6164386632328378,-1.4938493253594645,-1.5104344540835848,-0.529628770488865,0,0,1,1,1,1,0
5,-1.3089788118086676,-1.086495323986687,-1.0462200572470017,-0.488174712356415,0.3109735882712607,-1.723814352421581,0,0,0,0,1,0,0
1,-1.0106700579780687,-1.0049840348058896,-1.1144933577721257,0.37832634722993774,1.3043176975677864,0.7496634910970196,1,1,0,1,1,0,0
2,-0.11574379648627241,0.6816726413198407,-0.6365802540962572,1.6874447371365897,1.1138839918108407,0.64886363647969,0,0,1,1,1,0,0
10,-1.0106700579780687,-0.27138243217871305,-1.6606797619731186,-1.447578789951789,-0.37821499504238193,1.394717480115341,0,1,0,0,0,0,0
3,0.7791824650055245,0.004501931202447338,-0.09039384989526432,0.5156308267499425,1.2046624434414273,0.6405838033490092,1,1,0,0,0,0,0
1,-0.7123613041474699,0.945016806365494,-1.1144933577721257,-0.6804045779413911,1.0038240159565899,-0.2120656491157007,1,1,0,1,1,0,0
2,-1.0106700579780687,-0.522186398888859,0.18269935220523212,0.26318471698360435,0.8987064483541821,-1.4163198608486447,0,0,1,1,1,0,0
7,1.0774912188361234,-1.0049840348058896,0.7288857564062247,-0.3808212163149268,0.0703039299636413,0.014068171798143207,0,0,1,1,1,1,1
11,0.18256495734432654,-0.5159162997211054,0.7971590569313488,1.33771644673293,-0.5679581478031811,-1.2237126947087589,0,0,0,0,0,1,0
19,1.6741087264973211,0.8823158146879575,1.2067988600820934,-0.4053647298820798,1.013525901903324,0.3061953666553455,0,1,0,0,0,0,0
3,-0.11574379648627241,0.29292649291911493,-1.1827666582972498,-0.47893168777021144,-1.0219434737435076,1.6646473061672074,1,1,0,0,0,0,0
13,-0.7123613041474699,0.976367302204262,-1.387586559872622,-0.9494491719490915,1.6723499831154698,0.08417014203239256,1,1,0,0,0,1,0
15,-0.7123613041474699,-0.7729903655990046,1.4116187616574658,-1.6323073721819366,-0.41858894129380947,-1.2044291911338414,1,1,0,0,0,0,0
1,-0.11574379648627241,-0.9610933406316142,-0.7048535546213811,-0.05283455738820649,-1.3335445713121845,1.136038334637343,1,1,0,1,1,0,0
11,1.0774912188361234,-0.9673634397993677,0.7971590569313488,-0.1006954802671268,-0.21944695146013568,1.6882857106932767,0,0,0,0,0,1,0
8,-1.6072875656392664,-1.2620581006837894,1.47989206218259,-1.2152984968370724,-1.685105934604463,1.6047238641464168,0,0,1,1,1,0,0
17,-0.41405255031687116,-0.7102893739214685,1.0702522590318453,0.1748423535717691,0.1266764502914881,0.8810874719093624,1,1,0,0,1,0,0
6,-1.0106700579780687,0.4747593687839706,0.45579255430572835,0.7117172293029291,-1.1663903660745154,-0.0006062675954556198,0,1,0,0,0,1,1
10,-0.41405255031687116,0.13617401372527357,-0.9779467567218776,0.18866103326025696,-0.5629935935848068,0.25241392328121715,0,1,0,0,0,0,1
9,-1.3089788118086676,-0.873311952283063,0.7288857564062247,-0.3503840809104392,1.730510484986638,1.291390956198888,0,0,1,0,1,0,0
18,-0.11574379648627241,-0.7102893739214685,0.9337056579815971,-0.3733420040258444,-1.6548772749909053,-0.11114161054961687,1,1,0,0,0,0,1
17,-0.11574379648627241,-1.3435693898645864,0.11442605168010796,1.404634967346346,0.7667237695401676,0.08927731513654542,1,1,0,0,1,0,0
10,-0.11574379648627241,0.7318334346618698,0.9337056579815971,-1.307818987908458,1.0223598072404634,-0.8033784168192147,0,1,0,0,0,0,0
14,1.0774912188361234,1.5406762273020898,-1.319313259347498,-1.2249376419258164,-0.15365426558047612,1.640223793165067,0,0,1,1,1,0,0
10,-0.7123613041474699,-0.3152731263529887,0.865432357456473,0.06675215881842987,0.201191629680779,-0.23006922033555796,0,1,0,0,0,0,1
7,0.7791824650055245,1.383923748108249,1.684711963757962,0.769458063889856,1.3779357129924823,-0.17894087189492056,0,0,1,1,1,1,0
6,-0.7123613041474699,0.5437304596292608,0.6606124558811008,-1.0462865598857989,-1.4072676145944265,1.2000779390812768,0,1,0,0,0,1,0
3,-1.6072875656392664,-0.8231511589410341,0.865432357456473,-0.8541723038959109,-1.6856294806866416,1.607464310998035,1,1,0,0,0,0,0
4,-1.3089788118086676,1.2647918639209297,-0.22694045094551263,0.6381125657151445,0.7687233930344809,0.6407210350905514,0,1,0,0,0,1,0
19,-0.41405255031687116,-0.46575550637907615,-1.5924064614479945,-0.5867420965695055,0.8054162323591704,0.07261569049768578,0,1,0,0,0,0,0
16,-1.0106700579780687,-1.6257238524135005,1.684711963757962,0.6004290436257109,1.143881312131893,-0.7380564162920631,0,0,1,1,1,1,0
5,-1.0106700579780687,-1.337299290696833,0.7288857564062247,1.1442906564572732,0.8317538283230239,-1.2639397296340478,0,0,0,0,1,0,0
18,0.4808737111749255,-0.5660770930631344,-1.1144933577721257,0.909117738841084,1.205787171094291,0.36723267320234115,1,1,0,0,0,0,0
18,0.18256495734432654,-0.08327945714610387,0.5923391553559767,-1.4708892839926202,-0.3492193543093907,-0.3482861565129246,1,1,0,0,0,0,0
12,1.3757999726667223,0.48102946795172435,-1.1827666582972498,-1.3556036724262615,1.072107382362244,1.524840802671887,0,0,1,1,1,0,0
2,-1.0106700579780687,-0.9736335389671213,0.865432357456473,-0.7037315788365863,-1.5222037757291458,-0.024244987943022725,0,0,1,1,1,0,1
19,1.6741087264973211,0.499839765454985,-1.5924064614479945,-1.4873012373313839,-0.36578378606622014,-0.7357310479401472,0,1,0,0,0,0,0
2,0.18256495734432654,1.0829589880560742,-1.1827666582972498,-0.7281052323190921,-1.2545070217271372,-0.8366410893664665,0,0,1,1,1,0,0
5,-0.41405255031687116,0.2678460962481002,-0.568306953571133,0.47478465305614986,1.6777736092618312,0.33219777194602046,0,0,0,0,1,0,0
6,0.7791824650055245,0.017042129537954327,-0.22694045094551263,-1.0899538150724495,0.7583815783154095,1.2450244777827255,0,1,0,0,0,1,0
19,1.0774912188361234,1.2898722605919444,-1.1827666582972498,0.17811217061188614,0.46502771912776925,0.0646473546144037,0,1,0,0,0,0,0
1,1.6741087264973211,-1.4125404807098767,-0.09039384989526432,-0.7369031196123859,0.2032391744558271,-1.3432769342756763,1,1,0,1,1,0,0
18,-1.3089788118086676,-1.6696145465877759,0.3875192537806042,-0.7565940994761639,-1.32013417697346,0.42251218929543366,1,1,0,0,0,0,0
7,0.7791824650055245,1.0202579963785379,0.3875192537806042,-1.0858169575641639,0.9826526000900693,0.7187058174875609,0,0,1,1,1,1,0
12,-1.6072875656392664,0.4057882779386805,-0.09039384989526432,1.162245786677424,-1.7812973389839215,-0.9036689729952537,0,0,1,1,1,0,0
7,0.7791824650055245,-0.8858521506185706,0.11442605168010796,1.2563081217561674,0.23346196169309644,1.3845482805829514,0,0,1,1,1,1,0
6,-1.0106700579780687,-0.6350481839084245,-1.319313259347498,-0.43494410033227504,1.6249110748764208,-1.4495289550736163,0,1,0,0,0,1,0
13,1.6741087264973211,-0.6475883822439321,-0.15866715042038848,-0.8604507847901381,1.310747430925377,-1.1254880180138376,1,1,0,0,0,1,0
10,1.3757999726667223,1.0892290872238275,1.47989206218259,1.5239961032968519,-0.8407696317245553,-0.11162473731905577,0,1,0,0,0,0,0
6,1.6741087264973211,0.09228331955099817,1.1385255595569692,-1.3770024213863852,-0.026327598745277847,-0.4244694112486647,0,1,0,0,0,1,0
8,-1.0106700579780687,0.15498431122853462,1.5481653627077137,-1.0172196519505836,-0.48697708778663595,-0.4775080326341249,0,0,1,1,1,0,0
5,0.7791824650055245,-1.6633444474200223,-0.5000336530460089,0.1691655947863502,-0.3199392759018628,0.734697233109695,0,0,0,0,1,0,0
8,0.7791824650055245,-0.7040192747537146,-0.9779467567218776,0.7859820175832786,0.502707035287744,1.0000721129319274,0,0,1,1,1,0,0
15,-1.3089788118086676,-0.09581965548161105,0.7288857564062247,0.8139872515600944,-0.6752607164560178,0.47544007971626057,1,1,0,0,0,0,0
18,-0.11574379648627241,1.0014476988752767,-1.6606797619731186,1.3381242564449216,-0.7753541068121289,-0.48453256180919635,1,1,0,0,0,0,0
3,-0.11574379648627241,-1.406270381542123,-1.0462200572470017,0.14059846656090866,-1.4406018326997843,0.6251700586281138,1,1,0,0,0,0,0
15,-0.41405255031687116,-1.105305621489948,-0.09039384989526432,1.1585360008549883,0.7214608182003408,1.5288530552226651,1,1,0,0,0,0,0
9,0.7791824650055245,0.6816726413198407,1.47989206218259,-0.5976818199527743,1.4191302650190802,-0.834883685102304,0,0,1,0,1,0,0
7,0.7791824650055245,0.6252417488100579,0.04615275115498381,0.6029214090354861,-0.6886104730455478,0.9229780834256419,0,0,1,1,1,1,0
16,-1.6072875656392664,-1.0927654231544408,0.18269935220523212,1.6347280368428627,-1.3494982475412491,-1.700195095752662,0,0,1,1,1,1,0
16,0.7791824650055245,0.8948560130234648,-1.319313259347498,-0.2337846116592179,-0.6168315132476243,-0.5745617434464171,0,0,1,1,1,1,0
5,-0.7123613041474699,-1.6696145465877759,-0.6365802540962572,0.22455710415064142,0.5569582063747945,0.14123673292556355,0,0,0,0,1,0,0
17,-1.0106700579780687,1.120579583062596,0.45579255430572835,1.3669747359248585,0.9832973919694842,0.9451013672512992,1,1,0,0,1,0,0
18,-0.11574379648627241,-1.3749198857033547,-1.4558598603977464,1.370067366739612,0.7241299449460024,1.4891178533468512,1,1,0,0,0,0,0
2,1.6741087264973211,-0.45948540721132247,-0.7048535546213811,-1.5328825583553813,0.5875878647595402,0.2584470768733186,0,0,1,1,1,0,0
18,0.7791824650055245,0.976367302204262,-0.9779467567218776,1.5889388599843872,-1.5266627022170765,-0.4918272631345053,1,1,0,0,0,0,0
10,0.18256495734432654,0.5249201621259998,0.04615275115498381,1.1894035432259549,-0.6769644427809035,-0.8017506994007724,0,1,0,0,0,0,1
15,-0.41405255031687116,1.1143094838948424,1.0019789585067211,1.394147746559238,-1.213532020712425,0.46846260210674723,1,1,0,0,0,0,0
13,-1.6072875656392664,-1.105305621489948,-0.09039384989526432,0.766916178469641,0.11641870715804081,-1.54883856145428,1,1,0,0,0,1,0
14,-1.3089788118086676,-1.7135052407620517,-0.36348705199576076,0.44175590947877785,-0.2068696767382835,-1.2936538060689444,0,0,1,1,1,0,0
1,-0.11574379648627241,-1.6508042490845152,0.45579255430572835,-0.008750008231018609,0.6158874374902276,-1.4947485553787607,1,1,0,1,1,0,0
12,-0.11574379648627241,1.051608492217306,-0.5000336530460089,0.15115574655979994,-1.1552628306879045,-0.1698671303171611,0,0,1,1,1,0,0
9,-0.11574379648627241,-1.1617365139997309,-1.1827666582972498,-1.0161730845983772,-1.6175627443438363,1.1643455818628536,0,0,1,0,1,0,0
4,1.3757999726667223,0.34308728626114404,1.684711963757962,1.2121866311546772,-0.9365111800915179,1.569674548502318,0,1,0,0,0,1,0
4,-0.7123613041474699,-0.16479074632690138,1.5481653627077137,-0.3334612912649488,1.5856849712857735,0.05169252548148376,0,1,0,0,0,1,0
10,1.3757999726667223,0.4935696662872313,-0.02212054937014035,1.4389723174416156,-1.1702051933184374,-1.0175532663029954,0,1,0,0,0,0,0
1,1.0774912188361234,0.7004829388231018,-1.4558598603977464,1.1278597909505204,0.8021223825198622,-0.5286940301391111,1,1,0,1,1,0,0
3,1.3757999726667223,-0.2086814405011768,-0.6365802540962572,1.639201646327746,0.8914673001528985,-1.1987240330691187,1,1,0,0,0,0,0
18,-0.7123613041474699,1.3588433514372344,0.31924595325548005,0.4752656603350976,0.5697036906493056,-1.1951609246322883,1,1,0,0,0,0,0
1,-0.11574379648627241,-1.1617365139997309,-0.22694045094551263,0.34545347755437894,1.1684935224508024,0.9591164613524503,1,1,0,1,1,0,0
19,1.3757999726667223,-0.6789388780827003,1.0019789585067211,1.1923338441439855,0.790554449219691,-1.4283585267837384,0,1,0,0,0,0,0
11,1.3757999726667223,0.4434088729452022,-1.5241331609228705,1.3534310020227882,-1.7932766621733927,1.3643932003279569,0,0,0,0,0,1,0
2,-1.0106700579780687,-0.9360129439605996,0.45579255430572835,0.033136955665032414,-0.08670575527016534,0.4429071317157615,0,0,1,1,1,0,1
0,-0.41405255031687116,0.5061098646227387,0.11442605168010796,-0.7867601339127476,0.4116381590399856,1.6799153133969882,0,1,1,1,1,0,0
0,-0.41405255031687116,-1.1742767123352382,-0.5000336530460089,0.5306320806657203,-0.9421093992184406,-1.095045342102909,0,1,1,1,1,0,0
15,-0.7123613041474699,-0.07700935797835018,-0.9779467567218776,0.8595318198621288,-0.9836273639482515,1.5547511068568567,1,1,0,0,0,0,0
2,0.4808737111749255,-0.13971034965588666,-0.9779467567218776,0.20807472891217008,-0.2784219243106782,-0.6281492612134781,0,0,1,1,1,0,1
6,-1.0106700579780687,-1.0614149273156726,-1.251039958822374,1.3515348721870342,1.562403035833279,1.3338148338838594,0,1,0,0,0,1,0
14,-0.7123613041474699,-1.2181674065095136,-0.7048535546213811,0.1430184865536436,-1.0695880002224318,-0.8742675423717704,0,0,1,1,1,0,0
4,-1.0106700579780687,-1.0426046298124116,0.9337056579815971,-1.6258987300354104,0.4613089694885693,-0.4964236489907572,0,1,0,0,0,1,0
16,-1.0106700579780687,0.8948560130234648,-1.6606797619731186,-0.3239961064990295,1.0814838914944749,1.1372361634141046,0,0,1,1,1,1,0
17,-1.3089788118086676,1.615917417315134,-0.09039384989526432,0.5237859466563953,-1.2571124764522736,1.2760350919044081,1,1,0,0,1,0,0
0,0.18256495734432654,-0.15225054799139384,1.0702522590318453,-1.7392803309087828,-0.31721387996295103,0.05159018381444588,0,1,1,1,1,0,0
11,0.7791824650055245,0.7067530379908554,0.9337056579815971,-0.6877153018359932,-0.7167089011415595,-0.9605203077535938,0,0,0,0,0,1,1
6,-0.11574379648627241,-1.5065919682261815,1.752985264283086,0.5528123958303798,0.8367915137036751,1.1808935399020533,0,1,0,0,0,1,0
1,-0.41405255031687116,1.622187516482887,1.5481653627077137,1.0842599554134797,-1.150630100696112,-0.47360034646644383,1,1,0,1,1,0,0
16,-0.11574379648627241,1.7099689048314386,-0.6365802540962572,0.8680915722386616,-0.4001136703669265,0.28765400515055833,0,0,1,1,1,1,0
3,1.3757999726667223,-0.4782957047145833,0.45579255430572835,-1.1608961523911963,0.974192863204752,0.26386644328558007,1,1,0,0,0,0,0
7,1.0774912188361234,1.421544343114771,-0.568306953571133,0.3402319801432908,-0.7428963023100315,0.716576371609702,0,0,1,1,1,1,0
11,-0.11574379648627241,-0.5472667955598737,-0.02212054937014035,-1.1444135870562016,1.6545001582838819,-0.20376993808168445,0,0,0,0,0,1,0
2,0.4808737111749255,-1.1429262164964697,0.9337056579815971,-0.14318260151167195,1.4720848016030945,0.6478693607904111,0,0,1,1,1,0,0
5,0.7791824650055245,0.8760457155202038,1.0702522590318453,-1.0643800283445288,-0.5698576920885627,-0.596021495655874,0,0,0,0,1,0,0
0,-0.41405255031687116,1.4842453347923075,-0.568306953571133,0.6846012466897845,0.7841529245579775,0.18867551235376745,0,1,1,1,1,0,0
13,-1.6072875656392664,1.2271712689144079,-0.7048535546213811,0.012230599822030185,-0.4212475118419374,1.3823735949991163,1,1,0,0,0,1,0
3,-1.0106700579780687,-1.4752414723874132,0.6606124558811008,-1.6998489480620511,0.7013015370666721,1.6030431761475645,1,1,0,0,0,0,0
17,0.4808737111749255,0.23022550124157848,0.2509726527303563,1.0854653155059375,0.1434386559439585,1.5918794485831518,1,1,0,0,1,0,0
6,-0.41405255031687116,-0.5347265972243661,-1.387586559872622,0.7443517785793546,1.265092562335776,-1.1377944761762253,0,1,0,0,0,1,0
